{
    "data":{
        "countries":[{
            "nameEn":"Antigua and Barbuda","nameKr":"앤티가 바부다","code":"AG","region":{
                "englishName":"Americas","koreanName":"아메리카"
            },"capital":"Saint John's","imageUrl":"https://flagcdn.com/w320/ag.png","latitude":17.05000000,"longitude":-61.80000000,"currency":{
                "code":"XCD","symbol":"$"
            }
        },{
            "nameEn":"Bhutan","nameKr":"부탄","code":"BT","region":{
                "englishName":"Asia","koreanName":"아시아"
            },"capital":"Thimphu","imageUrl":"https://flagcdn.com/w320/bt.png","latitude":27.50000000,"longitude":90.50000000,"currency":{
                "code":"BTN","symbol":"Nu."
            }
        },{
            "nameEn":"Italy","nameKr":"이탈리아","code":"IT","region":{
                "englishName":"Europe","koreanName":"유럽"
            },"capital":"Rome","imageUrl":"https://flagcdn.com/w320/it.png","latitude":42.83333333,"longitude":12.83333333,"currency":{
                "code":"EUR","symbol":"€"
            }
        },{
            "nameEn":"Tuvalu","nameKr":"투발루","code":"TV","region":{
                "englishName":"Oceania","koreanName":"오세아니아"
            },"capital":"Funafuti","imageUrl":"https://flagcdn.com/w320/tv.png","latitude":-8.00000000,"longitude":178.00000000,"currency":{
                "code":"AUD","symbol":"$"
            }
        },{
            "nameEn":"Anguilla","nameKr":"앵귈라","code":"AI","region":{
                "englishName":"Americas","koreanName":"아메리카"
            },"capital":"The Valley","imageUrl":"https://flagcdn.com/w320/ai.png","latitude":18.25000000,"longitude":-63.16666666,"currency":{
                "code":"XCD","symbol":"$"
            }
        },{
            "nameEn":"Australia","nameKr":"호주","code":"AU","region":{
                "englishName":"Oceania","koreanName":"오세아니아"
            },"capital":"Canberra","imageUrl":"https://flagcdn.com/w320/au.png","latitude":-27.00000000,"longitude":133.00000000,"currency":{
                "code":"AUD","symbol":"$"
            }
        },{
            "nameEn":"Belize","nameKr":"벨리즈","code":"BZ","region":{
                "englishName":"Americas","koreanName":"아메리카"
            },"capital":"Belmopan","imageUrl":"https://flagcdn.com/w320/bz.png","latitude":17.25000000,"longitude":-88.75000000,"currency":{
                "code":"BZD","symbol":"$"
            }
        },{
            "nameEn":"Vanuatu","nameKr":"바누아투","code":"VU","region":{
                "englishName":"Oceania","koreanName":"오세아니아"
            },"capital":"Port Vila","imageUrl":"https://flagcdn.com/w320/vu.png","latitude":-16.00000000,"longitude":167.00000000,"currency":{
                "code":"VUV","symbol":"Vt"
            }
        },{
            "nameEn":"Belarus","nameKr":"벨라루스","code":"BY","region":{
                "englishName":"Europe","koreanName":"유럽"
            },"capital":"Minsk","imageUrl":"https://flagcdn.com/w320/by.png","latitude":53.00000000,"longitude":28.00000000,"currency":{
                "code":"BYN","symbol":"Br"
            }
        },{
            "nameEn":"Mauritius","nameKr":"모리셔스","code":"MU","region":{
                "englishName":"Africa","koreanName":"아프리카"
            },"capital":"Port Louis","imageUrl":"https://flagcdn.com/w320/mu.png","latitude":-20.28333333,"longitude":57.55000000,"currency":{
                "code":"MUR","symbol":"₨"
            }
        },{
            "nameEn":"Laos","nameKr":"라오스","code":"LA","region":{
                "englishName":"Asia","koreanName":"아시아"
            },"capital":"Vientiane","imageUrl":"https://flagcdn.com/w320/la.png","latitude":18.00000000,"longitude":105.00000000,"currency":{
                "code":"LAK","symbol":"₭"
            }
        },{
            "nameEn":"Senegal","nameKr":"세네갈","code":"SN","region":{
                "englishName":"Africa","koreanName":"아프리카"
            },"capital":"Dakar","imageUrl":"https://flagcdn.com/w320/sn.png","latitude":14.00000000,"longitude":-14.00000000,"currency":{
                "code":"XOF","symbol":"Fr"
            }
        },{
            "nameEn":"Turkey","nameKr":"터키","code":"TR","region":{
                "englishName":"Asia","koreanName":"아시아"
            },"capital":"Ankara","imageUrl":"https://flagcdn.com/w320/tr.png","latitude":39.00000000,"longitude":35.00000000,"currency":{
                "code":"TRY","symbol":"₺"
            }
        },{
            "nameEn":"Bolivia","nameKr":"볼리비아","code":"BO","region":{
                "englishName":"Americas","koreanName":"아메리카"
            },"capital":"Sucre","imageUrl":"https://flagcdn.com/w320/bo.png","latitude":-17.00000000,"longitude":-65.00000000,"currency":{
                "code":"BOB","symbol":"Bs."
            }
        },{
            "nameEn":"Sri Lanka","nameKr":"스리랑카","code":"LK","region":{
                "englishName":"Asia","koreanName":"아시아"
            },"capital":"Sri Jayawardenepura Kotte","imageUrl":"https://flagcdn.com/w320/lk.png","latitude":7.00000000,"longitude":81.00000000,"currency":{
                "code":"LKR","symbol":"Rs  රු"
            }
        },{
            "nameEn":"Norfolk Island","nameKr":"노퍽 섬","code":"NF","region":{
                "englishName":"Oceania","koreanName":"오세아니아"
            },"capital":"Kingston","imageUrl":"https://flagcdn.com/w320/nf.png","latitude":-29.03333333,"longitude":167.95000000,"currency":{
                "code":"AUD","symbol":"$"
            }
        },{
            "nameEn":"China","nameKr":"중국","code":"CN","region":{
                "englishName":"Asia","koreanName":"아시아"
            },"capital":"Beijing","imageUrl":"https://flagcdn.com/w320/cn.png","latitude":35.00000000,"longitude":105.00000000,"currency":{
                "code":"CNY","symbol":"¥"
            }
        },{
            "nameEn":"Caribbean Netherlands","nameKr":"카리브 네덜란드","code":"BQ","region":{
                "englishName":"Americas","koreanName":"아메리카"
            },"capital":"Kralendijk","imageUrl":"https://flagcdn.com/w320/bq.png","latitude":12.18000000,"longitude":-68.25000000,"currency":{
                "code":"USD","symbol":"$"
            }
        },{
            "nameEn":"Guernsey","nameKr":"건지 섬","code":"GG","region":{
                "englishName":"Europe","koreanName":"유럽"
            },"capital":"St. Peter Port","imageUrl":"https://flagcdn.com/w320/gg.png","latitude":49.46666666,"longitude":-2.58333333,"currency":{
                "code":"GBP","symbol":"£"
            }
        },{
            "nameEn":"Sudan","nameKr":"수단","code":"SD","region":{
                "englishName":"Africa","koreanName":"아프리카"
            },"capital":"Khartoum","imageUrl":"https://flagcdn.com/w320/sd.png","latitude":15.00000000,"longitude":30.00000000,"currency":{
                "code":"SDG","symbol":"ج.س"
            }
        },{
            "nameEn":"Mayotte","nameKr":"마요트","code":"YT","region":{
                "englishName":"Africa","koreanName":"아프리카"
            },"capital":"Mamoudzou","imageUrl":"https://flagcdn.com/w320/yt.png","latitude":-12.83333333,"longitude":45.16666666,"currency":{
                "code":"EUR","symbol":"€"
            }
        },{
            "nameEn":"Saint Barthélemy","nameKr":"생바르텔레미","code":"BL","region":{
                "englishName":"Americas","koreanName":"아메리카"
            },"capital":"Gustavia","imageUrl":"https://flagcdn.com/w320/bl.png","latitude":18.50000000,"longitude":-63.41666666,"currency":{
                "code":"EUR","symbol":"€"
            }
        },{
            "nameEn":"Vatican City","nameKr":"바티칸","code":"VA","region":{
                "englishName":"Europe","koreanName":"유럽"
            },"capital":"Vatican City","imageUrl":"https://flagcdn.com/w320/va.png","latitude":41.90000000,"longitude":12.45000000,"currency":{
                "code":"EUR","symbol":"€"
            }
        },{
            "nameEn":"Turks and Caicos Islands","nameKr":"터크스 케이커스 제도","code":"TC","region":{
                "englishName":"Americas","koreanName":"아메리카"
            },"capital":"Cockburn Town","imageUrl":"https://flagcdn.com/w320/tc.png","latitude":21.75000000,"longitude":-71.58333333,"currency":{
                "code":"USD","symbol":"$"
            }
        },{
            "nameEn":"Curaçao","nameKr":"퀴라소","code":"CW","region":{
                "englishName":"Americas","koreanName":"아메리카"
            },"capital":"Willemstad","imageUrl":"https://flagcdn.com/w320/cw.png","latitude":12.11666700,"longitude":-68.93333300,"currency":{
                "code":"ANG","symbol":"ƒ"
            }
        },{
            "nameEn":"Botswana","nameKr":"보츠와나","code":"BW","region":{
                "englishName":"Africa","koreanName":"아프리카"
            },"capital":"Gaborone","imageUrl":"https://flagcdn.com/w320/bw.png","latitude":-22.00000000,"longitude":24.00000000,"currency":{
                "code":"BWP","symbol":"P"
            }
        },{
            "nameEn":"Benin","nameKr":"베냉","code":"BJ","region":{
                "englishName":"Africa","koreanName":"아프리카"
            },"capital":"Porto-Novo","imageUrl":"https://flagcdn.com/w320/bj.png","latitude":9.50000000,"longitude":2.25000000,"currency":{
                "code":"XOF","symbol":"Fr"
            }
        },{
            "nameEn":"Lithuania","nameKr":"리투아니아","code":"LT","region":{
                "englishName":"Europe","koreanName":"유럽"
            },"capital":"Vilnius","imageUrl":"https://flagcdn.com/w320/lt.png","latitude":56.00000000,"longitude":24.00000000,"currency":{
                "code":"EUR","symbol":"€"
            }
        },{
            "nameEn":"Montserrat","nameKr":"몬트세랫","code":"MS","region":{
                "englishName":"Americas","koreanName":"아메리카"
            },"capital":"Plymouth","imageUrl":"https://flagcdn.com/w320/ms.png","latitude":16.75000000,"longitude":-62.20000000,"currency":{
                "code":"XCD","symbol":"$"
            }
        },{
            "nameEn":"British Virgin Islands","nameKr":"영국령 버진아일랜드","code":"VG","region":{
                "englishName":"Americas","koreanName":"아메리카"
            },"capital":"Road Town","imageUrl":"https://flagcdn.com/w320/vg.png","latitude":18.43138300,"longitude":-64.62305000,"currency":{
                "code":"USD","symbol":"$"
            }
        },{
            "nameEn":"Burundi","nameKr":"부룬디","code":"BI","region":{
                "englishName":"Africa","koreanName":"아프리카"
            },"capital":"Gitega","imageUrl":"https://flagcdn.com/w320/bi.png","latitude":-3.50000000,"longitude":30.00000000,"currency":{
                "code":"BIF","symbol":"Fr"
            }
        },{
            "nameEn":"United States Minor Outlying Islands","nameKr":"미국령 군소 제도","code":"UM","region":{
                "englishName":"Americas","koreanName":"아메리카"
            },"capital":"Washington DC","imageUrl":"https://flagcdn.com/w320/um.png","latitude":19.30000000,"longitude":166.63333300,"currency":{
                "code":"USD","symbol":"$"
            }
        },{
            "nameEn":"Ireland","nameKr":"아일랜드","code":"IE","region":{
                "englishName":"Europe","koreanName":"유럽"
            },"capital":"Dublin","imageUrl":"https://flagcdn.com/w320/ie.png","latitude":53.00000000,"longitude":-8.00000000,"currency":{
                "code":"EUR","symbol":"€"
            }
        },{
            "nameEn":"Solomon Islands","nameKr":"솔로몬 제도","code":"SB","region":{
                "englishName":"Oceania","koreanName":"오세아니아"
            },"capital":"Honiara","imageUrl":"https://flagcdn.com/w320/sb.png","latitude":-8.00000000,"longitude":159.00000000,"currency":{
                "code":"SBD","symbol":"$"
            }
        },{
            "nameEn":"Bermuda","nameKr":"버뮤다","code":"BM","region":{
                "englishName":"Americas","koreanName":"아메리카"
            },"capital":"Hamilton","imageUrl":"https://flagcdn.com/w320/bm.png","latitude":32.33333333,"longitude":-64.75000000,"currency":{
                "code":"BMD","symbol":"$"
            }
        },{
            "nameEn":"Finland","nameKr":"핀란드","code":"FI","region":{
                "englishName":"Europe","koreanName":"유럽"
            },"capital":"Helsinki","imageUrl":"https://flagcdn.com/w320/fi.png","latitude":64.00000000,"longitude":26.00000000,"currency":{
                "code":"EUR","symbol":"€"
            }
        },{
            "nameEn":"Peru","nameKr":"페루","code":"PE","region":{
                "englishName":"Americas","koreanName":"아메리카"
            },"capital":"Lima","imageUrl":"https://flagcdn.com/w320/pe.png","latitude":-10.00000000,"longitude":-76.00000000,"currency":{
                "code":"PEN","symbol":"S/ "
            }
        },{
            "nameEn":"Bangladesh","nameKr":"방글라데시","code":"BD","region":{
                "englishName":"Asia","koreanName":"아시아"
            },"capital":"Dhaka","imageUrl":"https://flagcdn.com/w320/bd.png","latitude":24.00000000,"longitude":90.00000000,"currency":{
                "code":"BDT","symbol":"৳"
            }
        },{
            "nameEn":"Denmark","nameKr":"덴마크","code":"DK","region":{
                "englishName":"Europe","koreanName":"유럽"
            },"capital":"Copenhagen","imageUrl":"https://flagcdn.com/w320/dk.png","latitude":56.00000000,"longitude":10.00000000,"currency":{
                "code":"DKK","symbol":"kr"
            }
        },{
            "nameEn":"Saint Vincent and the Grenadines","nameKr":"세인트빈센트 그레나딘","code":"VC","region":{
                "englishName":"Americas","koreanName":"아메리카"
            },"capital":"Kingstown","imageUrl":"https://flagcdn.com/w320/vc.png","latitude":13.25000000,"longitude":-61.20000000,"currency":{
                "code":"XCD","symbol":"$"
            }
        },{
            "nameEn":"Dominican Republic","nameKr":"도미니카 공화국","code":"DO","region":{
                "englishName":"Americas","koreanName":"아메리카"
            },"capital":"Santo Domingo","imageUrl":"https://flagcdn.com/w320/do.png","latitude":19.00000000,"longitude":-70.66666666,"currency":{
                "code":"DOP","symbol":"$"
            }
        },{
            "nameEn":"Moldova","nameKr":"몰도바","code":"MD","region":{
                "englishName":"Europe","koreanName":"유럽"
            },"capital":"Chișinău","imageUrl":"https://flagcdn.com/w320/md.png","latitude":47.00000000,"longitude":29.00000000,"currency":{
                "code":"MDL","symbol":"L"
            }
        },{
            "nameEn":"Bulgaria","nameKr":"불가리아","code":"BG","region":{
                "englishName":"Europe","koreanName":"유럽"
            },"capital":"Sofia","imageUrl":"https://flagcdn.com/w320/bg.png","latitude":43.00000000,"longitude":25.00000000,"currency":{
                "code":"BGN","symbol":"лв"
            }
        },{
            "nameEn":"Costa Rica","nameKr":"코스타리카","code":"CR","region":{
                "englishName":"Americas","koreanName":"아메리카"
            },"capital":"San José","imageUrl":"https://flagcdn.com/w320/cr.png","latitude":10.00000000,"longitude":-84.00000000,"currency":{
                "code":"CRC","symbol":"₡"
            }
        },{
            "nameEn":"Namibia","nameKr":"나미비아","code":"NA","region":{
                "englishName":"Africa","koreanName":"아프리카"
            },"capital":"Windhoek","imageUrl":"https://flagcdn.com/w320/na.png","latitude":-22.00000000,"longitude":17.00000000,"currency":{
                "code":"NAD","symbol":"$"
            }
        },{
            "nameEn":"Svalbard and Jan Mayen","nameKr":"스발바르 얀마옌 제도","code":"SJ","region":{
                "englishName":"Europe","koreanName":"유럽"
            },"capital":"Longyearbyen","imageUrl":"https://flagcdn.com/w320/sj.png","latitude":78.00000000,"longitude":20.00000000,"currency":{
                "code":"NOK","symbol":"kr"
            }
        },{
            "nameEn":"Luxembourg","nameKr":"룩셈부르크","code":"LU","region":{
                "englishName":"Europe","koreanName":"유럽"
            },"capital":"Luxembourg","imageUrl":"https://flagcdn.com/w320/lu.png","latitude":49.75000000,"longitude":6.16666666,"currency":{
                "code":"EUR","symbol":"€"
            }
        },{
            "nameEn":"Russia","nameKr":"러시아","code":"RU","region":{
                "englishName":"Europe","koreanName":"유럽"
            },"capital":"Moscow","imageUrl":"https://flagcdn.com/w320/ru.png","latitude":60.00000000,"longitude":100.00000000,"currency":{
                "code":"RUB","symbol":"₽"
            }
        },{
            "nameEn":"United Arab Emirates","nameKr":"아랍에미리트","code":"AE","region":{
                "englishName":"Asia","koreanName":"아시아"
            },"capital":"Abu Dhabi","imageUrl":"https://flagcdn.com/w320/ae.png","latitude":24.00000000,"longitude":54.00000000,"currency":{
                "code":"AED","symbol":"د.إ"
            }
        },{
            "nameEn":"Sint Maarten","nameKr":"신트마르턴","code":"SX","region":{
                "englishName":"Americas","koreanName":"아메리카"
            },"capital":"Philipsburg","imageUrl":"https://flagcdn.com/w320/sx.png","latitude":18.03333300,"longitude":-63.05000000,"currency":{
                "code":"ANG","symbol":"ƒ"
            }
        },{
            "nameEn":"Bahamas","nameKr":"바하마","code":"BS","region":{
                "englishName":"Americas","koreanName":"아메리카"
            },"capital":"Nassau","imageUrl":"https://flagcdn.com/w320/bs.png","latitude":25.03430000,"longitude":-77.39630000,"currency":{
                "code":"BSD","symbol":"$"
            }
        },{
            "nameEn":"Japan","nameKr":"일본","code":"JP","region":{
                "englishName":"Asia","koreanName":"아시아"
            },"capital":"Tokyo","imageUrl":"https://flagcdn.com/w320/jp.png","latitude":36.0,"longitude":138.0,"currency":{
                "code":"JPY","symbol":"¥"
            }
        },{
            "nameEn":"Nigeria","nameKr":"나이지리아","code":"NG","region":{
                "englishName":"Africa","koreanName":"아프리카"
            },"capital":"Abuja","imageUrl":"https://flagcdn.com/w320/ng.png","latitude":10.00000000,"longitude":8.00000000,"currency":{
                "code":"NGN","symbol":"₦"
            }
        },{
            "nameEn":"Ghana","nameKr":"가나","code":"GH","region":{
                "englishName":"Africa","koreanName":"아프리카"
            },"capital":"Accra","imageUrl":"https://flagcdn.com/w320/gh.png","latitude":8.00000000,"longitude":-2.00000000,"currency":{
                "code":"GHS","symbol":"₵"
            }
        },{
            "nameEn":"Sierra Leone","nameKr":"시에라리온","code":"SL","region":{
                "englishName":"Africa","koreanName":"아프리카"
            },"capital":"Freetown","imageUrl":"https://flagcdn.com/w320/sl.png","latitude":8.50000000,"longitude":-11.50000000,"currency":{
                "code":"SLE","symbol":"Le"
            }
        },{
            "nameEn":"Saint Pierre and Miquelon","nameKr":"생피에르 미클롱","code":"PM","region":{
                "englishName":"Americas","koreanName":"아메리카"
            },"capital":"Saint-Pierre","imageUrl":"https://flagcdn.com/w320/pm.png","latitude":46.83333333,"longitude":-56.33333333,"currency":{
                "code":"EUR","symbol":"€"
            }
        },{
            "nameEn":"Albania","nameKr":"알바니아","code":"AL","region":{
                "englishName":"Europe","koreanName":"유럽"
            },"capital":"Tirana","imageUrl":"https://flagcdn.com/w320/al.png","latitude":41.00000000,"longitude":20.00000000,"currency":{
                "code":"ALL","symbol":"L"
            }
        },{
            "nameEn":"Tokelau","nameKr":"토켈라우","code":"TK","region":{
                "englishName":"Oceania","koreanName":"오세아니아"
            },"capital":"Fakaofo","imageUrl":"https://flagcdn.com/w320/tk.png","latitude":-9.00000000,"longitude":-172.00000000,"currency":{
                "code":"NZD","symbol":"$"
            }
        },{
            "nameEn":"Saint Helena, Ascension and Tristan da Cunha","nameKr":"세인트헬레나","code":"SH","region":{
                "englishName":"Africa","koreanName":"아프리카"
            },"capital":"Jamestown","imageUrl":"https://flagcdn.com/w320/sh.png","latitude":-15.95000000,"longitude":-5.72000000,"currency":{
                "code":"GBP","symbol":"£"
            }
        },{
            "nameEn":"Tonga","nameKr":"통가","code":"TO","region":{
                "englishName":"Oceania","koreanName":"오세아니아"
            },"capital":"Nuku'alofa","imageUrl":"https://flagcdn.com/w320/to.png","latitude":-20.00000000,"longitude":-175.00000000,"currency":{
                "code":"TOP","symbol":"T$"
            }
        },{
            "nameEn":"Turkmenistan","nameKr":"투르크메니스탄","code":"TM","region":{
                "englishName":"Asia","koreanName":"아시아"
            },"capital":"Ashgabat","imageUrl":"https://flagcdn.com/w320/tm.png","latitude":40.00000000,"longitude":60.00000000,"currency":{
                "code":"TMT","symbol":"m"
            }
        },{
            "nameEn":"Djibouti","nameKr":"지부티","code":"DJ","region":{
                "englishName":"Africa","koreanName":"아프리카"
            },"capital":"Djibouti","imageUrl":"https://flagcdn.com/w320/dj.png","latitude":11.50000000,"longitude":43.00000000,"currency":{
                "code":"DJF","symbol":"Fr"
            }
        },{
            "nameEn":"Central African Republic","nameKr":"중앙아프리카 공화국","code":"CF","region":{
                "englishName":"Africa","koreanName":"아프리카"
            },"capital":"Bangui","imageUrl":"https://flagcdn.com/w320/cf.png","latitude":7.00000000,"longitude":21.00000000,"currency":{
                "code":"XAF","symbol":"Fr"
            }
        },{
            "nameEn":"Lebanon","nameKr":"레바논","code":"LB","region":{
                "englishName":"Asia","koreanName":"아시아"
            },"capital":"Beirut","imageUrl":"https://flagcdn.com/w320/lb.png","latitude":33.83333333,"longitude":35.83333333,"currency":{
                "code":"LBP","symbol":"ل.ل"
            }
        },{
            "nameEn":"Latvia","nameKr":"라트비아","code":"LV","region":{
                "englishName":"Europe","koreanName":"유럽"
            },"capital":"Riga","imageUrl":"https://flagcdn.com/w320/lv.png","latitude":57.00000000,"longitude":25.00000000,"currency":{
                "code":"EUR","symbol":"€"
            }
        },{
            "nameEn":"Cocos (Keeling) Islands","nameKr":"코코스 제도","code":"CC","region":{
                "englishName":"Oceania","koreanName":"오세아니아"
            },"capital":"West Island","imageUrl":"https://flagcdn.com/w320/cc.png","latitude":-12.16420000,"longitude":96.87100000,"currency":{
                "code":"AUD","symbol":"$"
            }
        },{
            "nameEn":"Gambia","nameKr":"감비아","code":"GM","region":{
                "englishName":"Africa","koreanName":"아프리카"
            },"capital":"Banjul","imageUrl":"https://flagcdn.com/w320/gm.png","latitude":13.46666666,"longitude":-16.56666666,"currency":{
                "code":"GMD","symbol":"D"
            }
        },{
            "nameEn":"Honduras","nameKr":"온두라스","code":"HN","region":{
                "englishName":"Americas","koreanName":"아메리카"
            },"capital":"Tegucigalpa","imageUrl":"https://flagcdn.com/w320/hn.png","latitude":15.00000000,"longitude":-86.50000000,"currency":{
                "code":"HNL","symbol":"L"
            }
        },{
            "nameEn":"Niue","nameKr":"니우에","code":"NU","region":{
                "englishName":"Oceania","koreanName":"오세아니아"
            },"capital":"Alofi","imageUrl":"https://flagcdn.com/w320/nu.png","latitude":-19.03333333,"longitude":-169.86666666,"currency":{
                "code":"NZD","symbol":"$"
            }
        },{
            "nameEn":"Mauritania","nameKr":"모리타니","code":"MR","region":{
                "englishName":"Africa","koreanName":"아프리카"
            },"capital":"Nouakchott","imageUrl":"https://flagcdn.com/w320/mr.png","latitude":20.00000000,"longitude":-12.00000000,"currency":{
                "code":"MRU","symbol":"UM"
            }
        },{
            "nameEn":"Kosovo","nameKr":"코소보","code":"XK","region":{
                "englishName":"Europe","koreanName":"유럽"
            },"capital":"Pristina","imageUrl":"https://flagcdn.com/w320/xk.png","latitude":42.66666700,"longitude":21.16666700,"currency":{
                "code":"EUR","symbol":"€"
            }
        },{
            "nameEn":"Wallis and Futuna","nameKr":"왈리스 푸투나","code":"WF","region":{
                "englishName":"Oceania","koreanName":"오세아니아"
            },"capital":"Mata-Utu","imageUrl":"https://flagcdn.com/w320/wf.png","latitude":-13.30000000,"longitude":-176.20000000,"currency":{
                "code":"XPF","symbol":"₣"
            }
        },{
            "nameEn":"South Georgia","nameKr":"사우스조지아 사우스샌드위치 제도","code":"GS","region":{
                "englishName":"Antarctic","koreanName":"남극"
            },"capital":"King Edward Point","imageUrl":"https://flagcdn.com/w320/gs.png","latitude":-54.50000000,"longitude":-37.00000000,"currency":{
                "code":"GBP","symbol":"£"
            }
        },{
            "nameEn":"French Polynesia","nameKr":"프랑스령 폴리네시아","code":"PF","region":{
                "englishName":"Oceania","koreanName":"오세아니아"
            },"capital":"Papeetē","imageUrl":"https://flagcdn.com/w320/pf.png","latitude":-17.67970000,"longitude":-149.40680000,"currency":{
                "code":"XPF","symbol":"₣"
            }
        },{
            "nameEn":"Togo","nameKr":"토고","code":"TG","region":{
                "englishName":"Africa","koreanName":"아프리카"
            },"capital":"Lomé","imageUrl":"https://flagcdn.com/w320/tg.png","latitude":8.00000000,"longitude":1.16666666,"currency":{
                "code":"XOF","symbol":"Fr"
            }
        },{
            "nameEn":"Belgium","nameKr":"벨기에","code":"BE","region":{
                "englishName":"Europe","koreanName":"유럽"
            },"capital":"Brussels","imageUrl":"https://flagcdn.com/w320/be.png","latitude":50.83333333,"longitude":4.00000000,"currency":{
                "code":"EUR","symbol":"€"
            }
        },{
            "nameEn":"Zambia","nameKr":"잠비아","code":"ZM","region":{
                "englishName":"Africa","koreanName":"아프리카"
            },"capital":"Lusaka","imageUrl":"https://flagcdn.com/w320/zm.png","latitude":-15.00000000,"longitude":30.00000000,"currency":{
                "code":"ZMW","symbol":"ZK"
            }
        },{
            "nameEn":"Cayman Islands","nameKr":"케이맨 제도","code":"KY","region":{
                "englishName":"Americas","koreanName":"아메리카"
            },"capital":"George Town","imageUrl":"https://flagcdn.com/w320/ky.png","latitude":19.31330000,"longitude":-81.25460000,"currency":{
                "code":"KYD","symbol":"$"
            }
        },{
            "nameEn":"Pitcairn Islands","nameKr":"핏케언 제도","code":"PN","region":{
                "englishName":"Oceania","koreanName":"오세아니아"
            },"capital":"Adamstown","imageUrl":"https://flagcdn.com/w320/pn.png","latitude":-25.06666666,"longitude":-130.10000000,"currency":{
                "code":"NZD","symbol":"$"
            }
        },{
            "nameEn":"Cook Islands","nameKr":"쿡 제도","code":"CK","region":{
                "englishName":"Oceania","koreanName":"오세아니아"
            },"capital":"Avarua","imageUrl":"https://flagcdn.com/w320/ck.png","latitude":-21.23333333,"longitude":-159.76666666,"currency":{
                "code":"CKD","symbol":"$"
            }
        },{
            "nameEn":"Madagascar","nameKr":"마다가스카르","code":"MG","region":{
                "englishName":"Africa","koreanName":"아프리카"
            },"capital":"Antananarivo","imageUrl":"https://flagcdn.com/w320/mg.png","latitude":-20.00000000,"longitude":47.00000000,"currency":{
                "code":"MGA","symbol":"Ar"
            }
        },{
            "nameEn":"Montenegro","nameKr":"몬테네그로","code":"ME","region":{
                "englishName":"Europe","koreanName":"유럽"
            },"capital":"Podgorica","imageUrl":"https://flagcdn.com/w320/me.png","latitude":42.50000000,"longitude":19.30000000,"currency":{
                "code":"EUR","symbol":"€"
            }
        },{
            "nameEn":"South Korea","nameKr":"한국","code":"KR","region":{
                "englishName":"Asia","koreanName":"아시아"
            },"capital":"Seoul","imageUrl":"https://flagcdn.com/w320/kr.png","latitude":37.00000000,"longitude":127.50000000,"currency":{
                "code":"KRW","symbol":"₩"
            }
        },{
            "nameEn":"Ethiopia","nameKr":"에티오피아","code":"ET","region":{
                "englishName":"Africa","koreanName":"아프리카"
            },"capital":"Addis Ababa","imageUrl":"https://flagcdn.com/w320/et.png","latitude":8.00000000,"longitude":38.00000000,"currency":{
                "code":"ETB","symbol":"Br"
            }
        },{
            "nameEn":"Mongolia","nameKr":"몽골","code":"MN","region":{
                "englishName":"Asia","koreanName":"아시아"
            },"capital":"Ulan Bator","imageUrl":"https://flagcdn.com/w320/mn.png","latitude":46.00000000,"longitude":105.00000000,"currency":{
                "code":"MNT","symbol":"₮"
            }
        },{
            "nameEn":"Slovakia","nameKr":"슬로바키아","code":"SK","region":{
                "englishName":"Europe","koreanName":"유럽"
            },"capital":"Bratislava","imageUrl":"https://flagcdn.com/w320/sk.png","latitude":48.66666666,"longitude":19.50000000,"currency":{
                "code":"EUR","symbol":"€"
            }
        },{
            "nameEn":"Cuba","nameKr":"쿠바","code":"CU","region":{
                "englishName":"Americas","koreanName":"아메리카"
            },"capital":"Havana","imageUrl":"https://flagcdn.com/w320/cu.png","latitude":21.50000000,"longitude":-80.00000000,"currency":{
                "code":"CUC","symbol":"$"
            }
        },{
            "nameEn":"Guatemala","nameKr":"과테말라","code":"GT","region":{
                "englishName":"Americas","koreanName":"아메리카"
            },"capital":"Guatemala City","imageUrl":"https://flagcdn.com/w320/gt.png","latitude":15.50000000,"longitude":-90.25000000,"currency":{
                "code":"GTQ","symbol":"Q"
            }
        },{
            "nameEn":"French Guiana","nameKr":"프랑스령 기아나","code":"GF","region":{
                "englishName":"Americas","koreanName":"아메리카"
            },"capital":"Cayenne","imageUrl":"https://flagcdn.com/w320/gf.png","latitude":4.00000000,"longitude":-53.00000000,"currency":{
                "code":"EUR","symbol":"€"
            }
        },{
            "nameEn":"Norway","nameKr":"노르웨이","code":"NO","region":{
                "englishName":"Europe","koreanName":"유럽"
            },"capital":"Oslo","imageUrl":"https://flagcdn.com/w320/no.png","latitude":62.00000000,"longitude":10.00000000,"currency":{
                "code":"NOK","symbol":"kr"
            }
        },{
            "nameEn":"Grenada","nameKr":"그레나다","code":"GD","region":{
                "englishName":"Americas","koreanName":"아메리카"
            },"capital":"St. George's","imageUrl":"https://flagcdn.com/w320/gd.png","latitude":12.11666666,"longitude":-61.66666666,"currency":{
                "code":"XCD","symbol":"$"
            }
        },{
            "nameEn":"Réunion","nameKr":"레위니옹","code":"RE","region":{
                "englishName":"Africa","koreanName":"아프리카"
            },"capital":"Saint-Denis","imageUrl":"https://flagcdn.com/w320/re.png","latitude":-21.15000000,"longitude":55.50000000,"currency":{
                "code":"EUR","symbol":"€"
            }
        },{
            "nameEn":"Chile","nameKr":"칠레","code":"CL","region":{
                "englishName":"Americas","koreanName":"아메리카"
            },"capital":"Santiago","imageUrl":"https://flagcdn.com/w320/cl.png","latitude":-30.00000000,"longitude":-71.00000000,"currency":{
                "code":"CLP","symbol":"$"
            }
        },{
            "nameEn":"Colombia","nameKr":"콜롬비아","code":"CO","region":{
                "englishName":"Americas","koreanName":"아메리카"
            },"capital":"Bogotá","imageUrl":"https://flagcdn.com/w320/co.png","latitude":4.00000000,"longitude":-72.00000000,"currency":{
                "code":"COP","symbol":"$"
            }
        },{
            "nameEn":"Saudi Arabia","nameKr":"사우디아라비아","code":"SA","region":{
                "englishName":"Asia","koreanName":"아시아"
            },"capital":"Riyadh","imageUrl":"https://flagcdn.com/w320/sa.png","latitude":25.00000000,"longitude":45.00000000,"currency":{
                "code":"SAR","symbol":"ر.س"
            }
        },{
            "nameEn":"Israel","nameKr":"이스라엘","code":"IL","region":{
                "englishName":"Asia","koreanName":"아시아"
            },"capital":"Jerusalem","imageUrl":"https://flagcdn.com/w320/il.png","latitude":31.47000000,"longitude":35.13000000,"currency":{
                "code":"ILS","symbol":"₪"
            }
        },{
            "nameEn":"Germany","nameKr":"독일","code":"DE","region":{
                "englishName":"Europe","koreanName":"유럽"
            },"capital":"Berlin","imageUrl":"https://flagcdn.com/w320/de.png","latitude":51.00000000,"longitude":9.00000000,"currency":{
                "code":"EUR","symbol":"€"
            }
        },{
            "nameEn":"New Zealand","nameKr":"뉴질랜드","code":"NZ","region":{
                "englishName":"Oceania","koreanName":"오세아니아"
            },"capital":"Wellington","imageUrl":"https://flagcdn.com/w320/nz.png","latitude":-41.00000000,"longitude":174.00000000,"currency":{
                "code":"NZD","symbol":"$"
            }
        },{
            "nameEn":"Greenland","nameKr":"그린란드","code":"GL","region":{
                "englishName":"Americas","koreanName":"아메리카"
            },"capital":"Nuuk","imageUrl":"https://flagcdn.com/w320/gl.png","latitude":72.00000000,"longitude":-40.00000000,"currency":{
                "code":"DKK","symbol":"kr"
            }
        },{
            "nameEn":"Kyrgyzstan","nameKr":"키르기스스탄","code":"KG","region":{
                "englishName":"Asia","koreanName":"아시아"
            },"capital":"Bishkek","imageUrl":"https://flagcdn.com/w320/kg.png","latitude":41.00000000,"longitude":75.00000000,"currency":{
                "code":"KGS","symbol":"с"
            }
        },{
            "nameEn":"El Salvador","nameKr":"엘살바도르","code":"SV","region":{
                "englishName":"Americas","koreanName":"아메리카"
            },"capital":"San Salvador","imageUrl":"https://flagcdn.com/w320/sv.png","latitude":13.83333333,"longitude":-88.91666666,"currency":{
                "code":"USD","symbol":"$"
            }
        },{
            "nameEn":"Faroe Islands","nameKr":"페로 제도","code":"FO","region":{
                "englishName":"Europe","koreanName":"유럽"
            },"capital":"Tórshavn","imageUrl":"https://flagcdn.com/w320/fo.png","latitude":62.00000000,"longitude":-7.00000000,"currency":{
                "code":"DKK","symbol":"kr"
            }
        },{
            "nameEn":"Palau","nameKr":"팔라우","code":"PW","region":{
                "englishName":"Oceania","koreanName":"오세아니아"
            },"capital":"Ngerulmud","imageUrl":"https://flagcdn.com/w320/pw.png","latitude":7.50000000,"longitude":134.50000000,"currency":{
                "code":"USD","symbol":"$"
            }
        },{
            "nameEn":"Malta","nameKr":"몰타","code":"MT","region":{
                "englishName":"Europe","koreanName":"유럽"
            },"capital":"Valletta","imageUrl":"https://flagcdn.com/w320/mt.png","latitude":35.93750000,"longitude":14.37540000,"currency":{
                "code":"EUR","symbol":"€"
            }
        },{
            "nameEn":"Syria","nameKr":"시리아","code":"SY","region":{
                "englishName":"Asia","koreanName":"아시아"
            },"capital":"Damascus","imageUrl":"https://flagcdn.com/w320/sy.png","latitude":35.00000000,"longitude":38.00000000,"currency":{
                "code":"SYP","symbol":"£"
            }
        },{
            "nameEn":"Timor-Leste","nameKr":"동티모르","code":"TL","region":{
                "englishName":"Asia","koreanName":"아시아"
            },"capital":"Dili","imageUrl":"https://flagcdn.com/w320/tl.png","latitude":-8.83333333,"longitude":125.91666666,"currency":{
                "code":"USD","symbol":"$"
            }
        },{
            "nameEn":"Croatia","nameKr":"크로아티아","code":"HR","region":{
                "englishName":"Europe","koreanName":"유럽"
            },"capital":"Zagreb","imageUrl":"https://flagcdn.com/w320/hr.png","latitude":45.16666666,"longitude":15.50000000,"currency":{
                "code":"EUR","symbol":"€"
            }
        },{
            "nameEn":"Papua New Guinea","nameKr":"파푸아뉴기니","code":"PG","region":{
                "englishName":"Oceania","koreanName":"오세아니아"
            },"capital":"Port Moresby","imageUrl":"https://flagcdn.com/w320/pg.png","latitude":-6.00000000,"longitude":147.00000000,"currency":{
                "code":"PGK","symbol":"K"
            }
        },{
            "nameEn":"Netherlands","nameKr":"네덜란드","code":"NL","region":{
                "englishName":"Europe","koreanName":"유럽"
            },"capital":"Amsterdam","imageUrl":"https://flagcdn.com/w320/nl.png","latitude":52.50000000,"longitude":5.75000000,"currency":{
                "code":"EUR","symbol":"€"
            }
        },{
            "nameEn":"Liberia","nameKr":"라이베리아","code":"LR","region":{
                "englishName":"Africa","koreanName":"아프리카"
            },"capital":"Monrovia","imageUrl":"https://flagcdn.com/w320/lr.png","latitude":6.50000000,"longitude":-9.50000000,"currency":{
                "code":"LRD","symbol":"$"
            }
        },{
            "nameEn":"Somalia","nameKr":"소말리아","code":"SO","region":{
                "englishName":"Africa","koreanName":"아프리카"
            },"capital":"Mogadishu","imageUrl":"https://flagcdn.com/w320/so.png","latitude":10.00000000,"longitude":49.00000000,"currency":{
                "code":"SOS","symbol":"Sh"
            }
        },{
            "nameEn":"Venezuela","nameKr":"베네수엘라","code":"VE","region":{
                "englishName":"Americas","koreanName":"아메리카"
            },"capital":"Caracas","imageUrl":"https://flagcdn.com/w320/ve.png","latitude":8.00000000,"longitude":-66.00000000,"currency":{
                "code":"VES","symbol":"Bs.S."
            }
        },{
            "nameEn":"Haiti","nameKr":"아이티","code":"HT","region":{
                "englishName":"Americas","koreanName":"아메리카"
            },"capital":"Port-au-Prince","imageUrl":"https://flagcdn.com/w320/ht.png","latitude":19.00000000,"longitude":-72.41666666,"currency":{
                "code":"HTG","symbol":"G"
            }
        },{
            "nameEn":"Algeria","nameKr":"알제리","code":"DZ","region":{
                "englishName":"Africa","koreanName":"아프리카"
            },"capital":"Algiers","imageUrl":"https://flagcdn.com/w320/dz.png","latitude":28.00000000,"longitude":3.00000000,"currency":{
                "code":"DZD","symbol":"د.ج"
            }
        },{
            "nameEn":"Northern Mariana Islands","nameKr":"북마리아나 제도","code":"MP","region":{
                "englishName":"Oceania","koreanName":"오세아니아"
            },"capital":"Saipan","imageUrl":"https://flagcdn.com/w320/mp.png","latitude":15.20000000,"longitude":145.75000000,"currency":{
                "code":"USD","symbol":"$"
            }
        },{
            "nameEn":"Saint Martin","nameKr":"생마르탱","code":"MF","region":{
                "englishName":"Americas","koreanName":"아메리카"
            },"capital":"Marigot","imageUrl":"https://flagcdn.com/w320/mf.png","latitude":18.07080000,"longitude":-63.05010000,"currency":{
                "code":"EUR","symbol":"€"
            }
        },{
            "nameEn":"Aruba","nameKr":"아루바","code":"AW","region":{
                "englishName":"Americas","koreanName":"아메리카"
            },"capital":"Oranjestad","imageUrl":"https://flagcdn.com/w320/aw.png","latitude":12.50000000,"longitude":-69.96666666,"currency":{
                "code":"AWG","symbol":"ƒ"
            }
        },{
            "nameEn":"Egypt","nameKr":"이집트","code":"EG","region":{
                "englishName":"Africa","koreanName":"아프리카"
            },"capital":"Cairo","imageUrl":"https://flagcdn.com/w320/eg.png","latitude":27.00000000,"longitude":30.00000000,"currency":{
                "code":"EGP","symbol":"£"
            }
        },{
            "nameEn":"Malawi","nameKr":"말라위","code":"MW","region":{
                "englishName":"Africa","koreanName":"아프리카"
            },"capital":"Lilongwe","imageUrl":"https://flagcdn.com/w320/mw.png","latitude":-13.50000000,"longitude":34.00000000,"currency":{
                "code":"MWK","symbol":"MK"
            }
        },{
            "nameEn":"Equatorial Guinea","nameKr":"적도 기니","code":"GQ","region":{
                "englishName":"Africa","koreanName":"아프리카"
            },"capital":"Malabo","imageUrl":"https://flagcdn.com/w320/gq.png","latitude":2.00000000,"longitude":10.00000000,"currency":{
                "code":"XAF","symbol":"Fr"
            }
        },{
            "nameEn":"United States Virgin Islands","nameKr":"미국령 버진아일랜드","code":"VI","region":{
                "englishName":"Americas","koreanName":"아메리카"
            },"capital":"Charlotte Amalie","imageUrl":"https://flagcdn.com/w320/vi.png","latitude":18.35000000,"longitude":-64.93333300,"currency":{
                "code":"USD","symbol":"$"
            }
        },{
            "nameEn":"Ecuador","nameKr":"에콰도르","code":"EC","region":{
                "englishName":"Americas","koreanName":"아메리카"
            },"capital":"Quito","imageUrl":"https://flagcdn.com/w320/ec.png","latitude":-2.00000000,"longitude":-77.50000000,"currency":{
                "code":"USD","symbol":"$"
            }
        },{
            "nameEn":"Uzbekistan","nameKr":"우즈베키스탄","code":"UZ","region":{
                "englishName":"Asia","koreanName":"아시아"
            },"capital":"Tashkent","imageUrl":"https://flagcdn.com/w320/uz.png","latitude":41.00000000,"longitude":64.00000000,"currency":{
                "code":"UZS","symbol":"so'm"
            }
        },{
            "nameEn":"Gabon","nameKr":"가봉","code":"GA","region":{
                "englishName":"Africa","koreanName":"아프리카"
            },"capital":"Libreville","imageUrl":"https://flagcdn.com/w320/ga.png","latitude":-1.00000000,"longitude":11.75000000,"currency":{
                "code":"XAF","symbol":"Fr"
            }
        },{
            "nameEn":"South Sudan","nameKr":"남수단","code":"SS","region":{
                "englishName":"Africa","koreanName":"아프리카"
            },"capital":"Juba","imageUrl":"https://flagcdn.com/w320/ss.png","latitude":7.00000000,"longitude":30.00000000,"currency":{
                "code":"SSP","symbol":"£"
            }
        },{
            "nameEn":"Iran","nameKr":"이란","code":"IR","region":{
                "englishName":"Asia","koreanName":"아시아"
            },"capital":"Tehran","imageUrl":"https://flagcdn.com/w320/ir.png","latitude":32.00000000,"longitude":53.00000000,"currency":{
                "code":"IRR","symbol":"﷼"
            }
        },{
            "nameEn":"Kazakhstan","nameKr":"카자흐스탄","code":"KZ","region":{
                "englishName":"Asia","koreanName":"아시아"
            },"capital":"Astana","imageUrl":"https://flagcdn.com/w320/kz.png","latitude":48.01960000,"longitude":66.92370000,"currency":{
                "code":"KZT","symbol":"₸"
            }
        },{
            "nameEn":"Nicaragua","nameKr":"니카라과","code":"NI","region":{
                "englishName":"Americas","koreanName":"아메리카"
            },"capital":"Managua","imageUrl":"https://flagcdn.com/w320/ni.png","latitude":13.00000000,"longitude":-85.00000000,"currency":{
                "code":"NIO","symbol":"C$"
            }
        },{
            "nameEn":"Iceland","nameKr":"아이슬란드","code":"IS","region":{
                "englishName":"Europe","koreanName":"유럽"
            },"capital":"Reykjavik","imageUrl":"https://flagcdn.com/w320/is.png","latitude":65.00000000,"longitude":-18.00000000,"currency":{
                "code":"ISK","symbol":"kr"
            }
        },{
            "nameEn":"Slovenia","nameKr":"슬로베니아","code":"SI","region":{
                "englishName":"Europe","koreanName":"유럽"
            },"capital":"Ljubljana","imageUrl":"https://flagcdn.com/w320/si.png","latitude":46.11666666,"longitude":14.81666666,"currency":{
                "code":"EUR","symbol":"€"
            }
        },{
            "nameEn":"Guadeloupe","nameKr":"과들루프","code":"GP","region":{
                "englishName":"Americas","koreanName":"아메리카"
            },"capital":"Basse-Terre","imageUrl":"https://flagcdn.com/w320/gp.png","latitude":16.25000000,"longitude":-61.58333300,"currency":{
                "code":"EUR","symbol":"€"
            }
        },{
            "nameEn":"Cameroon","nameKr":"카메룬","code":"CM","region":{
                "englishName":"Africa","koreanName":"아프리카"
            },"capital":"Yaoundé","imageUrl":"https://flagcdn.com/w320/cm.png","latitude":6.00000000,"longitude":12.00000000,"currency":{
                "code":"XAF","symbol":"Fr"
            }
        },{
            "nameEn":"Argentina","nameKr":"아르헨티나","code":"AR","region":{
                "englishName":"Americas","koreanName":"아메리카"
            },"capital":"Buenos Aires","imageUrl":"https://flagcdn.com/w320/ar.png","latitude":-34.00000000,"longitude":-64.00000000,"currency":{
                "code":"ARS","symbol":"$"
            }
        },{
            "nameEn":"Azerbaijan","nameKr":"아제르바이잔","code":"AZ","region":{
                "englishName":"Asia","koreanName":"아시아"
            },"capital":"Baku","imageUrl":"https://flagcdn.com/w320/az.png","latitude":40.50000000,"longitude":47.50000000,"currency":{
                "code":"AZN","symbol":"₼"
            }
        },{
            "nameEn":"Uganda","nameKr":"우간다","code":"UG","region":{
                "englishName":"Africa","koreanName":"아프리카"
            },"capital":"Kampala","imageUrl":"https://flagcdn.com/w320/ug.png","latitude":1.00000000,"longitude":32.00000000,"currency":{
                "code":"UGX","symbol":"Sh"
            }
        },{
            "nameEn":"Niger","nameKr":"니제르","code":"NE","region":{
                "englishName":"Africa","koreanName":"아프리카"
            },"capital":"Niamey","imageUrl":"https://flagcdn.com/w320/ne.png","latitude":16.00000000,"longitude":8.00000000,"currency":{
                "code":"XOF","symbol":"Fr"
            }
        },{
            "nameEn":"Christmas Island","nameKr":"크리스마스 섬","code":"CX","region":{
                "englishName":"Oceania","koreanName":"오세아니아"
            },"capital":"Flying Fish Cove","imageUrl":"https://flagcdn.com/w320/cx.png","latitude":-10.50000000,"longitude":105.66666666,"currency":{
                "code":"AUD","symbol":"$"
            }
        },{
            "nameEn":"Myanmar","nameKr":"미얀마","code":"MM","region":{
                "englishName":"Asia","koreanName":"아시아"
            },"capital":"Naypyidaw","imageUrl":"https://flagcdn.com/w320/mm.png","latitude":22.00000000,"longitude":98.00000000,"currency":{
                "code":"MMK","symbol":"Ks"
            }
        },{
            "nameEn":"Poland","nameKr":"폴란드","code":"PL","region":{
                "englishName":"Europe","koreanName":"유럽"
            },"capital":"Warsaw","imageUrl":"https://flagcdn.com/w320/pl.png","latitude":52.00000000,"longitude":20.00000000,"currency":{
                "code":"PLN","symbol":"zł"
            }
        },{
            "nameEn":"Jordan","nameKr":"요르단","code":"JO","region":{
                "englishName":"Asia","koreanName":"아시아"
            },"capital":"Amman","imageUrl":"https://flagcdn.com/w320/jo.png","latitude":31.00000000,"longitude":36.00000000,"currency":{
                "code":"JOD","symbol":"د.ا"
            }
        },{
            "nameEn":"Hong Kong","nameKr":"홍콩","code":"HK","region":{
                "englishName":"Asia","koreanName":"아시아"
            },"capital":"City of Victoria","imageUrl":"https://flagcdn.com/w320/hk.png","latitude":22.26700000,"longitude":114.18800000,"currency":{
                "code":"HKD","symbol":"$"
            }
        },{
            "nameEn":"DR Congo","nameKr":"콩고 민주 공화국","code":"CD","region":{
                "englishName":"Africa","koreanName":"아프리카"
            },"capital":"Kinshasa","imageUrl":"https://flagcdn.com/w320/cd.png","latitude":0E-8,"longitude":25.00000000,"currency":{
                "code":"CDF","symbol":"FC"
            }
        },{
            "nameEn":"Eritrea","nameKr":"에리트레아","code":"ER","region":{
                "englishName":"Africa","koreanName":"아프리카"
            },"capital":"Asmara","imageUrl":"https://flagcdn.com/w320/er.png","latitude":15.00000000,"longitude":39.00000000,"currency":{
                "code":"ERN","symbol":"Nfk"
            }
        },{
            "nameEn":"Kiribati","nameKr":"키리바시","code":"KI","region":{
                "englishName":"Oceania","koreanName":"오세아니아"
            },"capital":"South Tarawa","imageUrl":"https://flagcdn.com/w320/ki.png","latitude":1.41666666,"longitude":173.00000000,"currency":{
                "code":"AUD","symbol":"$"
            }
        },{
            "nameEn":"Marshall Islands","nameKr":"마셜 제도","code":"MH","region":{
                "englishName":"Oceania","koreanName":"오세아니아"
            },"capital":"Majuro","imageUrl":"https://flagcdn.com/w320/mh.png","latitude":9.00000000,"longitude":168.00000000,"currency":{
                "code":"USD","symbol":"$"
            }
        },{
            "nameEn":"Burkina Faso","nameKr":"부르키나파소","code":"BF","region":{
                "englishName":"Africa","koreanName":"아프리카"
            },"capital":"Ouagadougou","imageUrl":"https://flagcdn.com/w320/bf.png","latitude":13.00000000,"longitude":-2.00000000,"currency":{
                "code":"XOF","symbol":"Fr"
            }
        },{
            "nameEn":"Zimbabwe","nameKr":"짐바브웨","code":"ZW","region":{
                "englishName":"Africa","koreanName":"아프리카"
            },"capital":"Harare","imageUrl":"https://flagcdn.com/w320/zw.png","latitude":-20.00000000,"longitude":30.00000000,"currency":{
                "code":"ZWL","symbol":"$"
            }
        },{
            "nameEn":"Kenya","nameKr":"케냐","code":"KE","region":{
                "englishName":"Africa","koreanName":"아프리카"
            },"capital":"Nairobi","imageUrl":"https://flagcdn.com/w320/ke.png","latitude":1.00000000,"longitude":38.00000000,"currency":{
                "code":"KES","symbol":"Sh"
            }
        },{
            "nameEn":"Comoros","nameKr":"코모로","code":"KM","region":{
                "englishName":"Africa","koreanName":"아프리카"
            },"capital":"Moroni","imageUrl":"https://flagcdn.com/w320/km.png","latitude":-12.16666666,"longitude":44.25000000,"currency":{
                "code":"KMF","symbol":"Fr"
            }
        },{
            "nameEn":"Gibraltar","nameKr":"지브롤터","code":"GI","region":{
                "englishName":"Europe","koreanName":"유럽"
            },"capital":"Gibraltar","imageUrl":"https://flagcdn.com/w320/gi.png","latitude":36.13333333,"longitude":-5.35000000,"currency":{
                "code":"GIP","symbol":"£"
            }
        },{
            "nameEn":"Brunei","nameKr":"브루나이","code":"BN","region":{
                "englishName":"Asia","koreanName":"아시아"
            },"capital":"Bandar Seri Begawan","imageUrl":"https://flagcdn.com/w320/bn.png","latitude":4.50000000,"longitude":114.66666666,"currency":{
                "code":"BND","symbol":"$"
            }
        },{
            "nameEn":"Sweden","nameKr":"스웨덴","code":"SE","region":{
                "englishName":"Europe","koreanName":"유럽"
            },"capital":"Stockholm","imageUrl":"https://flagcdn.com/w320/se.png","latitude":62.00000000,"longitude":15.00000000,"currency":{
                "code":"SEK","symbol":"kr"
            }
        },{
            "nameEn":"Lesotho","nameKr":"레소토","code":"LS","region":{
                "englishName":"Africa","koreanName":"아프리카"
            },"capital":"Maseru","imageUrl":"https://flagcdn.com/w320/ls.png","latitude":-29.50000000,"longitude":28.50000000,"currency":{
                "code":"LSL","symbol":"L"
            }
        },{
            "nameEn":"Isle of Man","nameKr":"맨섬","code":"IM","region":{
                "englishName":"Europe","koreanName":"유럽"
            },"capital":"Douglas","imageUrl":"https://flagcdn.com/w320/im.png","latitude":54.25000000,"longitude":-4.50000000,"currency":{
                "code":"GBP","symbol":"£"
            }
        },{
            "nameEn":"Micronesia","nameKr":"미크로네시아","code":"FM","region":{
                "englishName":"Oceania","koreanName":"오세아니아"
            },"capital":"Palikir","imageUrl":"https://flagcdn.com/w320/fm.png","latitude":6.91666666,"longitude":158.25000000,"currency":{
                "code":"USD","symbol":"$"
            }
        },{
            "nameEn":"Tanzania","nameKr":"탄자니아","code":"TZ","region":{
                "englishName":"Africa","koreanName":"아프리카"
            },"capital":"Dodoma","imageUrl":"https://flagcdn.com/w320/tz.png","latitude":-6.00000000,"longitude":35.00000000,"currency":{
                "code":"TZS","symbol":"Sh"
            }
        },{
            "nameEn":"Cape Verde","nameKr":"카보베르데","code":"CV","region":{
                "englishName":"Africa","koreanName":"아프리카"
            },"capital":"Praia","imageUrl":"https://flagcdn.com/w320/cv.png","latitude":16.53880000,"longitude":-23.04180000,"currency":{
                "code":"CVE","symbol":"Esc"
            }
        },{
            "nameEn":"Afghanistan","nameKr":"아프가니스탄","code":"AF","region":{
                "englishName":"Asia","koreanName":"아시아"
            },"capital":"Kabul","imageUrl":"https://upload.wikimedia.org/wikipedia/commons/thumb/5/5c/Flag_of_the_Taliban.svg/320px-Flag_of_the_Taliban.svg.png","latitude":33.00000000,"longitude":65.00000000,"currency":{
                "code":"AFN","symbol":"؋"
            }
        },{
            "nameEn":"Andorra","nameKr":"안도라","code":"AD","region":{
                "englishName":"Europe","koreanName":"유럽"
            },"capital":"Andorra la Vella","imageUrl":"https://flagcdn.com/w320/ad.png","latitude":42.50000000,"longitude":1.50000000,"currency":{
                "code":"EUR","symbol":"€"
            }
        },{
            "nameEn":"Greece","nameKr":"그리스","code":"GR","region":{
                "englishName":"Europe","koreanName":"유럽"
            },"capital":"Athens","imageUrl":"https://flagcdn.com/w320/gr.png","latitude":39.00000000,"longitude":22.00000000,"currency":{
                "code":"EUR","symbol":"€"
            }
        },{
            "nameEn":"Vietnam","nameKr":"베트남","code":"VN","region":{
                "englishName":"Asia","koreanName":"아시아"
            },"capital":"Hanoi","imageUrl":"https://flagcdn.com/w320/vn.png","latitude":16.16666666,"longitude":107.83333333,"currency":{
                "code":"VND","symbol":"₫"
            }
        },{
            "nameEn":"French Southern and Antarctic Lands","nameKr":"프랑스령 남부와 남극 지역","code":"TF","region":{
                "englishName":"Antarctic","koreanName":"남극"
            },"capital":"Port-aux-Français","imageUrl":"https://flagcdn.com/w320/tf.png","latitude":-49.25000000,"longitude":69.16700000,"currency":{
                "code":"EUR","symbol":"€"
            }
        },{
            "nameEn":"Iraq","nameKr":"이라크","code":"IQ","region":{
                "englishName":"Asia","koreanName":"아시아"
            },"capital":"Baghdad","imageUrl":"https://flagcdn.com/w320/iq.png","latitude":33.00000000,"longitude":44.00000000,"currency":{
                "code":"IQD","symbol":"ع.د"
            }
        },{
            "nameEn":"Libya","nameKr":"리비아","code":"LY","region":{
                "englishName":"Africa","koreanName":"아프리카"
            },"capital":"Tripoli","imageUrl":"https://flagcdn.com/w320/ly.png","latitude":25.00000000,"longitude":17.00000000,"currency":{
                "code":"LYD","symbol":"ل.د"
            }
        },{
            "nameEn":"Portugal","nameKr":"포르투갈","code":"PT","region":{
                "englishName":"Europe","koreanName":"유럽"
            },"capital":"Lisbon","imageUrl":"https://flagcdn.com/w320/pt.png","latitude":39.50000000,"longitude":-8.00000000,"currency":{
                "code":"EUR","symbol":"€"
            }
        },{
            "nameEn":"Pakistan","nameKr":"파키스탄","code":"PK","region":{
                "englishName":"Asia","koreanName":"아시아"
            },"capital":"Islamabad","imageUrl":"https://flagcdn.com/w320/pk.png","latitude":30.00000000,"longitude":70.00000000,"currency":{
                "code":"PKR","symbol":"₨"
            }
        },{
            "nameEn":"Maldives","nameKr":"몰디브","code":"MV","region":{
                "englishName":"Asia","koreanName":"아시아"
            },"capital":"Malé","imageUrl":"https://flagcdn.com/w320/mv.png","latitude":3.25000000,"longitude":73.00000000,"currency":{
                "code":"MVR","symbol":".ރ"
            }
        },{
            "nameEn":"Morocco","nameKr":"모로코","code":"MA","region":{
                "englishName":"Africa","koreanName":"아프리카"
            },"capital":"Rabat","imageUrl":"https://flagcdn.com/w320/ma.png","latitude":32.00000000,"longitude":-5.00000000,"currency":{
                "code":"MAD","symbol":"د.م."
            }
        },{
            "nameEn":"Bosnia and Herzegovina","nameKr":"보스니아 헤르체고비나","code":"BA","region":{
                "englishName":"Europe","koreanName":"유럽"
            },"capital":"Sarajevo","imageUrl":"https://flagcdn.com/w320/ba.png","latitude":44.00000000,"longitude":18.00000000,"currency":{
                "code":"BAM","symbol":"KM"
            }
        },{
            "nameEn":"Samoa","nameKr":"사모아","code":"WS","region":{
                "englishName":"Oceania","koreanName":"오세아니아"
            },"capital":"Apia","imageUrl":"https://flagcdn.com/w320/ws.png","latitude":-13.58333333,"longitude":-172.33333333,"currency":{
                "code":"WST","symbol":"T"
            }
        },{
            "nameEn":"Palestine","nameKr":"팔레스타인","code":"PS","region":{
                "englishName":"Asia","koreanName":"아시아"
            },"capital":"Ramallah","imageUrl":"https://flagcdn.com/w320/ps.png","latitude":31.90000000,"longitude":35.20000000,"currency":{
                "code":"EGP","symbol":"£"
            }
        },{
            "nameEn":"Oman","nameKr":"오만","code":"OM","region":{
                "englishName":"Asia","koreanName":"아시아"
            },"capital":"Muscat","imageUrl":"https://flagcdn.com/w320/om.png","latitude":21.00000000,"longitude":57.00000000,"currency":{
                "code":"OMR","symbol":"ر.ع."
            }
        },{
            "nameEn":"Bahrain","nameKr":"바레인","code":"BH","region":{
                "englishName":"Asia","koreanName":"아시아"
            },"capital":"Manama","imageUrl":"https://flagcdn.com/w320/bh.png","latitude":26.00000000,"longitude":50.55000000,"currency":{
                "code":"BHD","symbol":".د.ب"
            }
        },{
            "nameEn":"United States","nameKr":"미국","code":"US","region":{
                "englishName":"Americas","koreanName":"아메리카"
            },"capital":"Washington, D.C.","imageUrl":"https://flagcdn.com/w320/us.png","latitude":38.00000000,"longitude":-97.00000000,"currency":{
                "code":"USD","symbol":"$"
            }
        },{
            "nameEn":"Puerto Rico","nameKr":"푸에르토리코","code":"PR","region":{
                "englishName":"Americas","koreanName":"아메리카"
            },"capital":"San Juan","imageUrl":"https://flagcdn.com/w320/pr.png","latitude":18.25000000,"longitude":-66.50000000,"currency":{
                "code":"USD","symbol":"$"
            }
        },{
            "nameEn":"British Indian Ocean Territory","nameKr":"영국령 인도양 지역","code":"IO","region":{
                "englishName":"Africa","koreanName":"아프리카"
            },"capital":"Diego Garcia","imageUrl":"https://flagcdn.com/w320/io.png","latitude":-6.00000000,"longitude":71.50000000,"currency":{
                "code":"USD","symbol":"$"
            }
        },{
            "nameEn":"Jersey","nameKr":"저지 섬","code":"JE","region":{
                "englishName":"Europe","koreanName":"유럽"
            },"capital":"Saint Helier","imageUrl":"https://flagcdn.com/w320/je.png","latitude":49.25000000,"longitude":-2.16666666,"currency":{
                "code":"GBP","symbol":"£"
            }
        },{
            "nameEn":"North Macedonia","nameKr":"북마케도니아","code":"MK","region":{
                "englishName":"Europe","koreanName":"유럽"
            },"capital":"Skopje","imageUrl":"https://flagcdn.com/w320/mk.png","latitude":41.83333333,"longitude":22.00000000,"currency":{
                "code":"MKD","symbol":"den"
            }
        },{
            "nameEn":"Tunisia","nameKr":"튀니지","code":"TN","region":{
                "englishName":"Africa","koreanName":"아프리카"
            },"capital":"Tunis","imageUrl":"https://flagcdn.com/w320/tn.png","latitude":34.00000000,"longitude":9.00000000,"currency":{
                "code":"TND","symbol":"د.ت"
            }
        },{
            "nameEn":"Trinidad and Tobago","nameKr":"트리니다드 토바고","code":"TT","region":{
                "englishName":"Americas","koreanName":"아메리카"
            },"capital":"Port of Spain","imageUrl":"https://flagcdn.com/w320/tt.png","latitude":10.69180000,"longitude":-61.22250000,"currency":{
                "code":"TTD","symbol":"$"
            }
        },{
            "nameEn":"Estonia","nameKr":"에스토니아","code":"EE","region":{
                "englishName":"Europe","koreanName":"유럽"
            },"capital":"Tallinn","imageUrl":"https://flagcdn.com/w320/ee.png","latitude":59.00000000,"longitude":26.00000000,"currency":{
                "code":"EUR","symbol":"€"
            }
        },{
            "nameEn":"Singapore","nameKr":"싱가포르","code":"SG","region":{
                "englishName":"Asia","koreanName":"아시아"
            },"capital":"Singapore","imageUrl":"https://flagcdn.com/w320/sg.png","latitude":1.36666666,"longitude":103.80000000,"currency":{
                "code":"SGD","symbol":"$"
            }
        },{
            "nameEn":"Panama","nameKr":"파나마","code":"PA","region":{
                "englishName":"Americas","koreanName":"아메리카"
            },"capital":"Panama City","imageUrl":"https://flagcdn.com/w320/pa.png","latitude":9.00000000,"longitude":-80.00000000,"currency":{
                "code":"PAB","symbol":"B/."
            }
        },{
            "nameEn":"Switzerland","nameKr":"스위스","code":"CH","region":{
                "englishName":"Europe","koreanName":"유럽"
            },"capital":"Bern","imageUrl":"https://flagcdn.com/w320/ch.png","latitude":47.00000000,"longitude":8.00000000,"currency":{
                "code":"CHF","symbol":"Fr."
            }
        },{
            "nameEn":"Uruguay","nameKr":"우루과이","code":"UY","region":{
                "englishName":"Americas","koreanName":"아메리카"
            },"capital":"Montevideo","imageUrl":"https://flagcdn.com/w320/uy.png","latitude":-33.00000000,"longitude":-56.00000000,"currency":{
                "code":"UYU","symbol":"$"
            }
        },{
            "nameEn":"Tajikistan","nameKr":"타지키스탄","code":"TJ","region":{
                "englishName":"Asia","koreanName":"아시아"
            },"capital":"Dushanbe","imageUrl":"https://flagcdn.com/w320/tj.png","latitude":39.00000000,"longitude":71.00000000,"currency":{
                "code":"TJS","symbol":"ЅМ"
            }
        },{
            "nameEn":"Taiwan","nameKr":"대만","code":"TW","region":{
                "englishName":"Asia","koreanName":"아시아"
            },"capital":"Taipei","imageUrl":"https://flagcdn.com/w320/tw.png","latitude":23.50000000,"longitude":121.00000000,"currency":{
                "code":"TWD","symbol":"$"
            }
        },{
            "nameEn":"South Africa","nameKr":"남아프리카 공화국","code":"ZA","region":{
                "englishName":"Africa","koreanName":"아프리카"
            },"capital":"Pretoria","imageUrl":"https://flagcdn.com/w320/za.png","latitude":-29.00000000,"longitude":24.00000000,"currency":{
                "code":"ZAR","symbol":"R"
            }
        },{
            "nameEn":"Liechtenstein","nameKr":"리히텐슈타인","code":"LI","region":{
                "englishName":"Europe","koreanName":"유럽"
            },"capital":"Vaduz","imageUrl":"https://flagcdn.com/w320/li.png","latitude":47.26666666,"longitude":9.53333333,"currency":{
                "code":"CHF","symbol":"Fr."
            }
        },{
            "nameEn":"Brazil","nameKr":"브라질","code":"BR","region":{
                "englishName":"Americas","koreanName":"아메리카"
            },"capital":"Brasília","imageUrl":"https://flagcdn.com/w320/br.png","latitude":-10.00000000,"longitude":-55.00000000,"currency":{
                "code":"BRL","symbol":"R$"
            }
        },{
            "nameEn":"Armenia","nameKr":"아르메니아","code":"AM","region":{
                "englishName":"Asia","koreanName":"아시아"
            },"capital":"Yerevan","imageUrl":"https://flagcdn.com/w320/am.png","latitude":40.00000000,"longitude":45.00000000,"currency":{
                "code":"AMD","symbol":"֏"
            }
        },{
            "nameEn":"Georgia","nameKr":"조지아","code":"GE","region":{
                "englishName":"Asia","koreanName":"아시아"
            },"capital":"Tbilisi","imageUrl":"https://flagcdn.com/w320/ge.png","latitude":42.00000000,"longitude":43.50000000,"currency":{
                "code":"GEL","symbol":"₾"
            }
        },{
            "nameEn":"Åland Islands","nameKr":"올란드 제도","code":"AX","region":{
                "englishName":"Europe","koreanName":"유럽"
            },"capital":"Mariehamn","imageUrl":"https://flagcdn.com/w320/ax.png","latitude":60.11666700,"longitude":19.90000000,"currency":{
                "code":"EUR","symbol":"€"
            }
        },{
            "nameEn":"Qatar","nameKr":"카타르","code":"QA","region":{
                "englishName":"Asia","koreanName":"아시아"
            },"capital":"Doha","imageUrl":"https://flagcdn.com/w320/qa.png","latitude":25.50000000,"longitude":51.25000000,"currency":{
                "code":"QAR","symbol":"ر.ق"
            }
        },{
            "nameEn":"Dominica","nameKr":"도미니카","code":"DM","region":{
                "englishName":"Americas","koreanName":"아메리카"
            },"capital":"Roseau","imageUrl":"https://flagcdn.com/w320/dm.png","latitude":15.41666666,"longitude":-61.33333333,"currency":{
                "code":"XCD","symbol":"$"
            }
        },{
            "nameEn":"Ukraine","nameKr":"우크라이나","code":"UA","region":{
                "englishName":"Europe","koreanName":"유럽"
            },"capital":"Kyiv","imageUrl":"https://flagcdn.com/w320/ua.png","latitude":49.00000000,"longitude":32.00000000,"currency":{
                "code":"UAH","symbol":"₴"
            }
        },{
            "nameEn":"Guinea","nameKr":"기니","code":"GN","region":{
                "englishName":"Africa","koreanName":"아프리카"
            },"capital":"Conakry","imageUrl":"https://flagcdn.com/w320/gn.png","latitude":11.00000000,"longitude":-10.00000000,"currency":{
                "code":"GNF","symbol":"Fr"
            }
        },{
            "nameEn":"Macau","nameKr":"마카오","code":"MO","region":{
                "englishName":"Asia","koreanName":"아시아"
            },"capital":null,"imageUrl":"https://flagcdn.com/w320/mo.png","latitude":22.16666666,"longitude":113.55000000,"currency":{
                "code":"MOP","symbol":"P"
            }
        },{
            "nameEn":"Western Sahara","nameKr":"서사하라","code":"EH","region":{
                "englishName":"Africa","koreanName":"아프리카"
            },"capital":"El Aaiún","imageUrl":"https://flagcdn.com/w320/eh.png","latitude":24.50000000,"longitude":-13.00000000,"currency":{
                "code":"DZD","symbol":"د.ج"
            }
        },{
            "nameEn":"Czechia","nameKr":"체코","code":"CZ","region":{
                "englishName":"Europe","koreanName":"유럽"
            },"capital":"Prague","imageUrl":"https://flagcdn.com/w320/cz.png","latitude":49.75000000,"longitude":15.50000000,"currency":{
                "code":"CZK","symbol":"Kč"
            }
        },{
            "nameEn":"Austria","nameKr":"오스트리아","code":"AT","region":{
                "englishName":"Europe","koreanName":"유럽"
            },"capital":"Vienna","imageUrl":"https://flagcdn.com/w320/at.png","latitude":47.33333333,"longitude":13.33333333,"currency":{
                "code":"EUR","symbol":"€"
            }
        },{
            "nameEn":"Saint Kitts and Nevis","nameKr":"세인트키츠 네비스","code":"KN","region":{
                "englishName":"Americas","koreanName":"아메리카"
            },"capital":"Basseterre","imageUrl":"https://flagcdn.com/w320/kn.png","latitude":17.33333333,"longitude":-62.75000000,"currency":{
                "code":"XCD","symbol":"$"
            }
        },{
            "nameEn":"Saint Lucia","nameKr":"세인트루시아","code":"LC","region":{
                "englishName":"Americas","koreanName":"아메리카"
            },"capital":"Castries","imageUrl":"https://flagcdn.com/w320/lc.png","latitude":13.88333333,"longitude":-60.96666666,"currency":{
                "code":"XCD","symbol":"$"
            }
        },{
            "nameEn":"Yemen","nameKr":"예멘","code":"YE","region":{
                "englishName":"Asia","koreanName":"아시아"
            },"capital":"Sana'a","imageUrl":"https://flagcdn.com/w320/ye.png","latitude":15.00000000,"longitude":48.00000000,"currency":{
                "code":"YER","symbol":"﷼"
            }
        },{
            "nameEn":"Rwanda","nameKr":"르완다","code":"RW","region":{
                "englishName":"Africa","koreanName":"아프리카"
            },"capital":"Kigali","imageUrl":"https://flagcdn.com/w320/rw.png","latitude":-2.00000000,"longitude":30.00000000,"currency":{
                "code":"RWF","symbol":"Fr"
            }
        },{
            "nameEn":"Monaco","nameKr":"모나코","code":"MC","region":{
                "englishName":"Europe","koreanName":"유럽"
            },"capital":"Monaco","imageUrl":"https://flagcdn.com/w320/mc.png","latitude":43.73333333,"longitude":7.40000000,"currency":{
                "code":"EUR","symbol":"€"
            }
        },{
            "nameEn":"São Tomé and Príncipe","nameKr":"상투메 프린시페","code":"ST","region":{
                "englishName":"Africa","koreanName":"아프리카"
            },"capital":"São Tomé","imageUrl":"https://flagcdn.com/w320/st.png","latitude":1.00000000,"longitude":7.00000000,"currency":{
                "code":"STN","symbol":"Db"
            }
        },{
            "nameEn":"Republic of the Congo","nameKr":"콩고","code":"CG","region":{
                "englishName":"Africa","koreanName":"아프리카"
            },"capital":"Brazzaville","imageUrl":"https://flagcdn.com/w320/cg.png","latitude":-1.00000000,"longitude":15.00000000,"currency":{
                "code":"XAF","symbol":"Fr"
            }
        },{
            "nameEn":"Paraguay","nameKr":"파라과이","code":"PY","region":{
                "englishName":"Americas","koreanName":"아메리카"
            },"capital":"Asunción","imageUrl":"https://flagcdn.com/w320/py.png","latitude":-23.00000000,"longitude":-58.00000000,"currency":{
                "code":"PYG","symbol":"₲"
            }
        },{
            "nameEn":"Mozambique","nameKr":"모잠비크","code":"MZ","region":{
                "englishName":"Africa","koreanName":"아프리카"
            },"capital":"Maputo","imageUrl":"https://flagcdn.com/w320/mz.png","latitude":-18.25000000,"longitude":35.00000000,"currency":{
                "code":"MZN","symbol":"MT"
            }
        },{
            "nameEn":"France","nameKr":"프랑스","code":"FR","region":{
                "englishName":"Europe","koreanName":"유럽"
            },"capital":"Paris","imageUrl":"https://flagcdn.com/w320/fr.png","latitude":46.00000000,"longitude":2.00000000,"currency":{
                "code":"EUR","symbol":"€"
            }
        },{
            "nameEn":"Eswatini","nameKr":"에스와티니","code":"SZ","region":{
                "englishName":"Africa","koreanName":"아프리카"
            },"capital":"Mbabane","imageUrl":"https://flagcdn.com/w320/sz.png","latitude":-26.50000000,"longitude":31.50000000,"currency":{
                "code":"SZL","symbol":"L"
            }
        },{
            "nameEn":"Barbados","nameKr":"바베이도스","code":"BB","region":{
                "englishName":"Americas","koreanName":"아메리카"
            },"capital":"Bridgetown","imageUrl":"https://flagcdn.com/w320/bb.png","latitude":13.16666666,"longitude":-59.53333333,"currency":{
                "code":"BBD","symbol":"$"
            }
        },{
            "nameEn":"Spain","nameKr":"스페인","code":"ES","region":{
                "englishName":"Europe","koreanName":"유럽"
            },"capital":"Madrid","imageUrl":"https://flagcdn.com/w320/es.png","latitude":40.00000000,"longitude":-4.00000000,"currency":{
                "code":"EUR","symbol":"€"
            }
        },{
            "nameEn":"Thailand","nameKr":"태국","code":"TH","region":{
                "englishName":"Asia","koreanName":"아시아"
            },"capital":"Bangkok","imageUrl":"https://flagcdn.com/w320/th.png","latitude":15.00000000,"longitude":100.00000000,"currency":{
                "code":"THB","symbol":"฿"
            }
        },{
            "nameEn":"Guinea-Bissau","nameKr":"기니비사우","code":"GW","region":{
                "englishName":"Africa","koreanName":"아프리카"
            },"capital":"Bissau","imageUrl":"https://flagcdn.com/w320/gw.png","latitude":12.00000000,"longitude":-15.00000000,"currency":{
                "code":"XOF","symbol":"Fr"
            }
        },{
            "nameEn":"Angola","nameKr":"앙골라","code":"AO","region":{
                "englishName":"Africa","koreanName":"아프리카"
            },"capital":"Luanda","imageUrl":"https://flagcdn.com/w320/ao.png","latitude":-12.50000000,"longitude":18.50000000,"currency":{
                "code":"AOA","symbol":"Kz"
            }
        },{
            "nameEn":"India","nameKr":"인도","code":"IN","region":{
                "englishName":"Asia","koreanName":"아시아"
            },"capital":"New Delhi","imageUrl":"https://flagcdn.com/w320/in.png","latitude":20.00000000,"longitude":77.00000000,"currency":{
                "code":"INR","symbol":"₹"
            }
        },{
            "nameEn":"Martinique","nameKr":"마르티니크","code":"MQ","region":{
                "englishName":"Americas","koreanName":"아메리카"
            },"capital":"Fort-de-France","imageUrl":"https://flagcdn.com/w320/mq.png","latitude":14.66666700,"longitude":-61.00000000,"currency":{
                "code":"EUR","symbol":"€"
            }
        },{
            "nameEn":"New Caledonia","nameKr":"누벨칼레도니","code":"NC","region":{
                "englishName":"Oceania","koreanName":"오세아니아"
            },"capital":"Nouméa","imageUrl":"https://flagcdn.com/w320/nc.png","latitude":-21.50000000,"longitude":165.50000000,"currency":{
                "code":"XPF","symbol":"₣"
            }
        },{
            "nameEn":"Seychelles","nameKr":"세이셸","code":"SC","region":{
                "englishName":"Africa","koreanName":"아프리카"
            },"capital":"Victoria","imageUrl":"https://flagcdn.com/w320/sc.png","latitude":-4.58333333,"longitude":55.66666666,"currency":{
                "code":"SCR","symbol":"₨"
            }
        },{
            "nameEn":"Falkland Islands","nameKr":"포클랜드 제도","code":"FK","region":{
                "englishName":"Americas","koreanName":"아메리카"
            },"capital":"Stanley","imageUrl":"https://flagcdn.com/w320/fk.png","latitude":-51.75000000,"longitude":-59.00000000,"currency":{
                "code":"FKP","symbol":"£"
            }
        },{
            "nameEn":"United Kingdom","nameKr":"영국","code":"GB","region":{
                "englishName":"Europe","koreanName":"유럽"
            },"capital":"London","imageUrl":"https://flagcdn.com/w320/gb.png","latitude":54.00000000,"longitude":-2.00000000,"currency":{
                "code":"GBP","symbol":"£"
            }
        },{
            "nameEn":"Fiji","nameKr":"피지","code":"FJ","region":{
                "englishName":"Oceania","koreanName":"오세아니아"
            },"capital":"Suva","imageUrl":"https://flagcdn.com/w320/fj.png","latitude":-17.71340000,"longitude":178.06500000,"currency":{
                "code":"FJD","symbol":"$"
            }
        },{
            "nameEn":"San Marino","nameKr":"산마리노","code":"SM","region":{
                "englishName":"Europe","koreanName":"유럽"
            },"capital":"City of San Marino","imageUrl":"https://flagcdn.com/w320/sm.png","latitude":43.76666666,"longitude":12.41666666,"currency":{
                "code":"EUR","symbol":"€"
            }
        },{
            "nameEn":"Mali","nameKr":"말리","code":"ML","region":{
                "englishName":"Africa","koreanName":"아프리카"
            },"capital":"Bamako","imageUrl":"https://flagcdn.com/w320/ml.png","latitude":17.00000000,"longitude":-4.00000000,"currency":{
                "code":"XOF","symbol":"Fr"
            }
        },{
            "nameEn":"Canada","nameKr":"캐나다","code":"CA","region":{
                "englishName":"Americas","koreanName":"아메리카"
            },"capital":"Ottawa","imageUrl":"https://flagcdn.com/w320/ca.png","latitude":60.00000000,"longitude":-95.00000000,"currency":{
                "code":"CAD","symbol":"$"
            }
        },{
            "nameEn":"Jamaica","nameKr":"자메이카","code":"JM","region":{
                "englishName":"Americas","koreanName":"아메리카"
            },"capital":"Kingston","imageUrl":"https://flagcdn.com/w320/jm.png","latitude":18.25000000,"longitude":-77.50000000,"currency":{
                "code":"JMD","symbol":"$"
            }
        },{
            "nameEn":"Nauru","nameKr":"나우루","code":"NR","region":{
                "englishName":"Oceania","koreanName":"오세아니아"
            },"capital":"Yaren","imageUrl":"https://flagcdn.com/w320/nr.png","latitude":-0.53333333,"longitude":166.91666666,"currency":{
                "code":"AUD","symbol":"$"
            }
        },{
            "nameEn":"Indonesia","nameKr":"인도네시아","code":"ID","region":{
                "englishName":"Asia","koreanName":"아시아"
            },"capital":"Jakarta","imageUrl":"https://flagcdn.com/w320/id.png","latitude":-5.00000000,"longitude":120.00000000,"currency":{
                "code":"IDR","symbol":"Rp"
            }
        },{
            "nameEn":"Guam","nameKr":"괌","code":"GU","region":{
                "englishName":"Oceania","koreanName":"오세아니아"
            },"capital":"Hagåtña","imageUrl":"https://flagcdn.com/w320/gu.png","latitude":13.46666666,"longitude":144.78333333,"currency":{
                "code":"USD","symbol":"$"
            }
        },{
            "nameEn":"Ivory Coast","nameKr":"코트디부아르","code":"CI","region":{
                "englishName":"Africa","koreanName":"아프리카"
            },"capital":"Yamoussoukro","imageUrl":"https://flagcdn.com/w320/ci.png","latitude":8.00000000,"longitude":-5.00000000,"currency":{
                "code":"XOF","symbol":"Fr"
            }
        },{
            "nameEn":"Kuwait","nameKr":"쿠웨이트","code":"KW","region":{
                "englishName":"Asia","koreanName":"아시아"
            },"capital":"Kuwait City","imageUrl":"https://flagcdn.com/w320/kw.png","latitude":29.50000000,"longitude":45.75000000,"currency":{
                "code":"KWD","symbol":"د.ك"
            }
        },{
            "nameEn":"Philippines","nameKr":"필리핀","code":"PH","region":{
                "englishName":"Asia","koreanName":"아시아"
            },"capital":"Manila","imageUrl":"https://flagcdn.com/w320/ph.png","latitude":13.00000000,"longitude":122.00000000,"currency":{
                "code":"PHP","symbol":"₱"
            }
        },{
            "nameEn":"Guyana","nameKr":"가이아나","code":"GY","region":{
                "englishName":"Americas","koreanName":"아메리카"
            },"capital":"Georgetown","imageUrl":"https://flagcdn.com/w320/gy.png","latitude":5.00000000,"longitude":-59.00000000,"currency":{
                "code":"GYD","symbol":"$"
            }
        },{
            "nameEn":"Hungary","nameKr":"헝가리","code":"HU","region":{
                "englishName":"Europe","koreanName":"유럽"
            },"capital":"Budapest","imageUrl":"https://flagcdn.com/w320/hu.png","latitude":47.00000000,"longitude":20.00000000,"currency":{
                "code":"HUF","symbol":"Ft"
            }
        },{
            "nameEn":"Mexico","nameKr":"멕시코","code":"MX","region":{
                "englishName":"Americas","koreanName":"아메리카"
            },"capital":"Mexico City","imageUrl":"https://flagcdn.com/w320/mx.png","latitude":23.00000000,"longitude":-102.00000000,"currency":{
                "code":"MXN","symbol":"$"
            }
        },{
            "nameEn":"North Korea","nameKr":"조선","code":"KP","region":{
                "englishName":"Asia","koreanName":"아시아"
            },"capital":"Pyongyang","imageUrl":"https://flagcdn.com/w320/kp.png","latitude":40.00000000,"longitude":127.00000000,"currency":{
                "code":"KPW","symbol":"₩"
            }
        },{
            "nameEn":"Romania","nameKr":"루마니아","code":"RO","region":{
                "englishName":"Europe","koreanName":"유럽"
            },"capital":"Bucharest","imageUrl":"https://flagcdn.com/w320/ro.png","latitude":46.00000000,"longitude":25.00000000,"currency":{
                "code":"RON","symbol":"lei"
            }
        },{
            "nameEn":"Suriname","nameKr":"수리남","code":"SR","region":{
                "englishName":"Americas","koreanName":"아메리카"
            },"capital":"Paramaribo","imageUrl":"https://flagcdn.com/w320/sr.png","latitude":4.00000000,"longitude":-56.00000000,"currency":{
                "code":"SRD","symbol":"$"
            }
        },{
            "nameEn":"American Samoa","nameKr":"아메리칸사모아","code":"AS","region":{
                "englishName":"Oceania","koreanName":"오세아니아"
            },"capital":"Pago Pago","imageUrl":"https://flagcdn.com/w320/as.png","latitude":-14.33333333,"longitude":-170.00000000,"currency":{
                "code":"USD","symbol":"$"
            }
        },{
            "nameEn":"Nepal","nameKr":"네팔","code":"NP","region":{
                "englishName":"Asia","koreanName":"아시아"
            },"capital":"Kathmandu","imageUrl":"https://flagcdn.com/w320/np.png","latitude":28.00000000,"longitude":84.00000000,"currency":{
                "code":"NPR","symbol":"₨"
            }
        },{
            "nameEn":"Chad","nameKr":"차드","code":"TD","region":{
                "englishName":"Africa","koreanName":"아프리카"
            },"capital":"N'Djamena","imageUrl":"https://flagcdn.com/w320/td.png","latitude":15.00000000,"longitude":19.00000000,"currency":{
                "code":"XAF","symbol":"Fr"
            }
        },{
            "nameEn":"Serbia","nameKr":"세르비아","code":"RS","region":{
                "englishName":"Europe","koreanName":"유럽"
            },"capital":"Belgrade","imageUrl":"https://flagcdn.com/w320/rs.png","latitude":44.00000000,"longitude":21.00000000,"currency":{
                "code":"RSD","symbol":"дин."
            }
        },{
            "nameEn":"Cambodia","nameKr":"캄보디아","code":"KH","region":{
                "englishName":"Asia","koreanName":"아시아"
            },"capital":"Phnom Penh","imageUrl":"https://flagcdn.com/w320/kh.png","latitude":13.00000000,"longitude":105.00000000,"currency":{
                "code":"KHR","symbol":"៛"
            }
        },{
            "nameEn":"Malaysia","nameKr":"말레이시아","code":"MY","region":{
                "englishName":"Asia","koreanName":"아시아"
            },"capital":"Kuala Lumpur","imageUrl":"https://flagcdn.com/w320/my.png","latitude":2.50000000,"longitude":112.50000000,"currency":{
                "code":"MYR","symbol":"RM"
            }
        },{
            "nameEn":"Cyprus","nameKr":"키프로스","code":"CY","region":{
                "englishName":"Europe","koreanName":"유럽"
            },"capital":"Nicosia","imageUrl":"https://flagcdn.com/w320/cy.png","latitude":35.00000000,"longitude":33.00000000,"currency":{
                "code":"EUR","symbol":"€"
            }
        }]
    },"message":""
}
